"år";"geografi";"boligtype";"Gjennomsnitt kvadratmeterpris"
"2018";"01 Gamle Oslo";"Boliger i alt";73063
"2018";"02 Grünerløkka";"Boliger i alt";73556
"2018";"03 Sagene";"Boliger i alt";79245
"2018";"04 St.Hanshaugen";"Boliger i alt";81087
"2018";"05 Frogner";"Boliger i alt";87915
"2018";"06 Ullern";"Boliger i alt";70755
"2018";"07 Vestre Aker";"Boliger i alt";66404
"2018";"08 Nordre Aker";"Boliger i alt";74733
"2018";"09 Bjerke";"Boliger i alt";58288
"2018";"10 Grorud";"Boliger i alt";45287
"2018";"11 Stovner";"Boliger i alt";39888
"2018";"12 Alna";"Boliger i alt";46442
"2018";"13 Østensjø";"Boliger i alt";54617
"2018";"14 Nordstrand";"Boliger i alt";61310
"2018";"15 Søndre Nordstrand";"Boliger i alt";39646
"2019";"01 Gamle Oslo";"Boliger i alt";80168
"2019";"02 Grünerløkka";"Boliger i alt";78565
"2019";"03 Sagene";"Boliger i alt";82745
"2019";"04 St.Hanshaugen";"Boliger i alt";84587
"2019";"05 Frogner";"Boliger i alt";90955
"2019";"06 Ullern";"Boliger i alt";76536
"2019";"07 Vestre Aker";"Boliger i alt";69948
"2019";"08 Nordre Aker";"Boliger i alt";77815
"2019";"09 Bjerke";"Boliger i alt";60321
"2019";"10 Grorud";"Boliger i alt";45871
"2019";"11 Stovner";"Boliger i alt";42094
"2019";"12 Alna";"Boliger i alt";49475
"2019";"13 Østensjø";"Boliger i alt";56743
"2019";"14 Nordstrand";"Boliger i alt";60985
"2019";"15 Søndre Nordstrand";"Boliger i alt";40874
"2020";"01 Gamle Oslo";"Boliger i alt";84169
"2020";"02 Grünerløkka";"Boliger i alt";82663
"2020";"03 Sagene";"Boliger i alt";87716
"2020";"04 St.Hanshaugen";"Boliger i alt";90360
"2020";"05 Frogner";"Boliger i alt";96053
"2020";"06 Ullern";"Boliger i alt";78628
"2020";"07 Vestre Aker";"Boliger i alt";73980
"2020";"08 Nordre Aker";"Boliger i alt";79309
"2020";"09 Bjerke";"Boliger i alt";61991
"2020";"10 Grorud";"Boliger i alt";48845
"2020";"11 Stovner";"Boliger i alt";41954
"2020";"12 Alna";"Boliger i alt";51508
"2020";"13 Østensjø";"Boliger i alt";59557
"2020";"14 Nordstrand";"Boliger i alt";63652
"2020";"15 Søndre Nordstrand";"Boliger i alt";41694
"2021";"01 Gamle Oslo";"Boliger i alt";91310
"2021";"02 Grünerløkka";"Boliger i alt";92185
"2021";"03 Sagene";"Boliger i alt";95691
"2021";"04 St.Hanshaugen";"Boliger i alt";99042
"2021";"05 Frogner";"Boliger i alt";104693
"2021";"06 Ullern";"Boliger i alt";86919
"2021";"07 Vestre Aker";"Boliger i alt";77603
"2021";"08 Nordre Aker";"Boliger i alt";89206
"2021";"09 Bjerke";"Boliger i alt";70517
"2021";"10 Grorud";"Boliger i alt";53576
"2021";"11 Stovner";"Boliger i alt";47961
"2021";"12 Alna";"Boliger i alt";56927
"2021";"13 Østensjø";"Boliger i alt";66140
"2021";"14 Nordstrand";"Boliger i alt";71906
"2021";"15 Søndre Nordstrand";"Boliger i alt";47775
"2022";"01 Gamle Oslo";"Boliger i alt";93421
"2022";"02 Grünerløkka";"Boliger i alt";96616
"2022";"03 Sagene";"Boliger i alt";101776
"2022";"04 St.Hanshaugen";"Boliger i alt";104284
"2022";"05 Frogner";"Boliger i alt";113616
"2022";"06 Ullern";"Boliger i alt";89738
"2022";"07 Vestre Aker";"Boliger i alt";83348
"2022";"08 Nordre Aker";"Boliger i alt";93579
"2022";"09 Bjerke";"Boliger i alt";74721
"2022";"10 Grorud";"Boliger i alt";57921
"2022";"11 Stovner";"Boliger i alt";51301
"2022";"12 Alna";"Boliger i alt";59884
"2022";"13 Østensjø";"Boliger i alt";68445
"2022";"14 Nordstrand";"Boliger i alt";75995
"2022";"15 Søndre Nordstrand";"Boliger i alt";50353
"2023";"01 Gamle Oslo";"Boliger i alt";97636
"2023";"02 Grünerløkka";"Boliger i alt";96602
"2023";"03 Sagene";"Boliger i alt";102764
"2023";"04 St.Hanshaugen";"Boliger i alt";105463
"2023";"05 Frogner";"Boliger i alt";112354
"2023";"06 Ullern";"Boliger i alt";90618
"2023";"07 Vestre Aker";"Boliger i alt";84692
"2023";"08 Nordre Aker";"Boliger i alt";95879
"2023";"09 Bjerke";"Boliger i alt";77302
"2023";"10 Grorud";"Boliger i alt";57862
"2023";"11 Stovner";"Boliger i alt";49534
"2023";"12 Alna";"Boliger i alt";58726
"2023";"13 Østensjø";"Boliger i alt";70450
"2023";"14 Nordstrand";"Boliger i alt";76469
"2023";"15 Søndre Nordstrand";"Boliger i alt";51245
"2024";"01 Gamle Oslo";"Boliger i alt";99033
"2024";"02 Grünerløkka";"Boliger i alt";102878
"2024";"03 Sagene";"Boliger i alt";107432
"2024";"04 St.Hanshaugen";"Boliger i alt";110862
"2024";"05 Frogner";"Boliger i alt";117443
"2024";"06 Ullern";"Boliger i alt";91702
"2024";"07 Vestre Aker";"Boliger i alt";84929
"2024";"08 Nordre Aker";"Boliger i alt";96918
"2024";"09 Bjerke";"Boliger i alt";80006
"2024";"10 Grorud";"Boliger i alt";60605
"2024";"11 Stovner";"Boliger i alt";51241
"2024";"12 Alna";"Boliger i alt";63598
"2024";"13 Østensjø";"Boliger i alt";72326
"2024";"14 Nordstrand";"Boliger i alt";79363
"2024";"15 Søndre Nordstrand";"Boliger i alt";49677
"2025";"01 Gamle Oslo";"Boliger i alt";108383
"2025";"02 Grünerløkka";"Boliger i alt";106256
"2025";"03 Sagene";"Boliger i alt";114748
"2025";"04 St.Hanshaugen";"Boliger i alt";118303
"2025";"05 Frogner";"Boliger i alt";124088
"2025";"06 Ullern";"Boliger i alt";98466
"2025";"07 Vestre Aker";"Boliger i alt";89196
"2025";"08 Nordre Aker";"Boliger i alt";103362
"2025";"09 Bjerke";"Boliger i alt";84779
"2025";"10 Grorud";"Boliger i alt";65821
"2025";"11 Stovner";"Boliger i alt";55269
"2025";"12 Alna";"Boliger i alt";69499
"2025";"13 Østensjø";"Boliger i alt";77285
"2025";"14 Nordstrand";"Boliger i alt";81047
"2025";"15 Søndre Nordstrand";"Boliger i alt";52064
